label,area_pixels,area_scaled,equivalent_diameter,perimeter,circularity,width,height,aspect_ratio,centroid_x,centroid_y,eccentricity,solidity,extent
1,3522.0,3522.0,66.96528710128288,272.8528137423857,0.594486972798215,84.0,63.0,1.3333333333333333,92.63940942646224,24.698182850653037,0.7644454738904959,0.8941355674028941,0.6655328798185941
2,6644.0,6644.0,91.97501582071308,328.6101730552664,0.7731744241589447,97.0,80.0,1.2125,170.5145996387718,34.983293196869354,0.579661952144563,0.9777777777777777,0.8561855670103092
3,6162.0,6162.0,88.57596781666048,363.5218613006979,0.5859634013063643,130.0,66.0,1.9696969696969697,282.6402142161636,25.385426809477444,0.8656638672866968,0.9468346650276582,0.7181818181818181
4,2122.0,2122.0,51.97897953911769,226.99494936611666,0.5175148961905612,93.0,40.0,2.325,649.8444863336475,13.876531573986805,0.8724483694601378,0.9389380530973451,0.5704301075268817
5,4657.0,4657.0,77.00309448218073,424.2497833620557,0.3251418283240146,161.0,49.0,3.2857142857142856,1034.8340133132917,16.042516641614775,0.9705219719920622,0.7773326656651645,0.590315629357333
6,8125.0,8125.0,101.71072362820549,521.303607231218,0.375709151299868,149.0,68.0,2.1911764705882355,1342.179076923077,29.358153846153847,0.8905508142580105,0.8775245706879793,0.8019147256217923
7,10663.0,10663.0,116.51846748696552,687.2691193458119,0.2836845032228614,144.0,94.0,1.5319148936170213,1486.1874706930507,40.27712651223858,0.7436488372102614,0.8713737027049113,0.7877511820330969
8,7992.0,7992.0,100.87482560839162,434.1259377015544,0.5328854599644062,152.0,73.0,2.0821917808219177,1632.6253753753754,30.118243243243242,0.8590173408907829,0.9449042326791204,0.7202595529920692
9,7648.0,7648.0,98.67996776516763,397.3797256769669,0.6086201574268155,157.0,67.0,2.343283582089552,1881.460381799163,26.836558577405857,0.892041113978401,0.979257362355954,0.7270653103907215
10,1097.0,1097.0,37.37303547444967,127.45584412271572,0.8485881921860551,32.0,38.0,1.1875,1966.8851412944393,16.81403828623519,0.5325066031219191,0.9847396768402155,0.9021381578947368
11,2821.0,2821.0,59.93170075759484,237.6223663640862,0.6278245834790616,67.0,60.0,1.1166666666666667,2015.2591279688054,27.72598369372563,0.7943709837410253,0.9094132817537073,0.7017412935323383
12,1196.0,1196.0,39.022999570807656,184.08326112068525,0.44351921993824267,81.0,22.0,3.6818181818181817,2142.051839464883,7.62876254180602,0.9687888727815375,0.9040060468631897,0.6711560044893379
13,2191.0,2191.0,52.8173062784798,206.7878425849301,0.643875999550303,83.0,42.0,1.9761904761904763,554.8384299406664,15.54404381560931,0.8725359797110737,0.9427710843373494,0.6285140562248996
14,7924.0,7924.0,100.44476169756904,370.5756851698602,0.7251043163313692,116.0,97.0,1.1958762886597938,1204.0143866733972,41.61092882382635,0.5742925065018698,0.9639902676399027,0.7042303590472805
15,5584.0,5584.0,84.31944981913217,315.4213562373095,0.7052987012016256,110.0,65.0,1.6923076923076923,997.9129656160459,54.499104584527224,0.7996167558252629,0.9645880117464156,0.7809790209790209
16,4440.0,4440.0,75.18765575960008,264.63455967290594,0.7967089841736352,80.0,81.0,1.0125,817.1610360360361,39.78738738738739,0.4817768956175057,0.9593777009507347,0.6851851851851852
17,5267.0,5267.0,81.89110258214932,316.8183258569795,0.6594055420964671,98.0,98.0,1.0,500.89823428896904,49.85665464211126,0.7265426167706405,0.8975800954328562,0.5484173261141191
18,3446.0,3446.0,66.23883657762545,254.40916292848976,0.6690516392094907,71.0,75.0,1.056338028169014,531.2901915264074,90.74840394660475,0.6577291807201117,0.8863168724279835,0.6471361502347418
19,9374.0,9374.0,109.2490159788518,428.9015869776647,0.6403530860511571,127.0,114.0,1.1140350877192982,2174.380413910817,63.90196287604011,0.54858862394369,0.9002208777489676,0.6474651194916425
20,3627.0,3627.0,67.95616108017312,259.5391052434009,0.6766308788498591,43.0,103.0,2.395348837209302,580.8519437551696,74.38240970499035,0.8896890201231793,0.960794701986755,0.8189207496048769
21,275.0,275.0,18.712051592547777,177.55634918610406,0.1096150394259773,8.0,86.0,10.75,602.8872727272727,62.53818181818182,0.9991059938939919,0.6207674943566591,0.3997093023255814
22,6280.0,6280.0,89.42004440245387,379.5462479183374,0.5478227993453108,86.0,127.0,1.4767441860465116,627.5277070063694,90.75732484076433,0.8445372681428344,0.8390113560454242,0.5749862662516023
23,11203.0,11203.0,119.43241862939907,522.475180106472,0.5157186905490021,88.0,179.0,2.034090909090909,2275.1637061501383,82.52512719807194,0.8627408260009136,0.9111093038386467,0.7112112747587608
24,6276.0,6276.0,89.39156214519289,336.8772003600252,0.6949436013661419,84.0,96.0,1.1428571428571428,361.3699808795411,98.01625239005736,0.45311021762445314,0.9301911960871498,0.7782738095238095
25,5424.0,5424.0,83.1026551359433,304.53405460951757,0.7349500356409199,94.0,85.0,1.1058823529411765,85.2330383480826,102.11762536873157,0.533554935298914,0.9346889539893158,0.6788485607008761
26,6544.0,6544.0,91.2802255734883,366.8122292025696,0.611174945124255,122.0,90.0,1.3555555555555556,746.427108801956,83.04599633251834,0.813823740168365,0.854977789391168,0.5959927140255009
27,3844.0,3844.0,69.95950835992178,285.13098833543773,0.5941613588034202,70.0,76.0,1.0857142857142856,296.0067637877211,95.04396462018731,0.539837800594406,0.8979210464844662,0.7225563909774436
28,4720.0,4720.0,77.5221945712966,285.5218613006979,0.7275672307944957,108.0,57.0,1.894736842105263,735.0576271186441,134.91716101694917,0.8557540562863173,0.9693982337235572,0.7667316439246263
29,9277.0,9277.0,108.68230424732494,393.4041122946064,0.7532508491878093,113.0,112.0,1.0089285714285714,1732.0004311738708,100.55761560849413,0.40010733892528577,0.95344295991778,0.73301201011378
30,6151.0,6151.0,88.49687248522395,374.13203435596427,0.5522119493855385,110.0,87.0,1.264367816091954,1079.1198179157861,90.1541212810925,0.5059381872960441,0.9024354460093896,0.6427377220480669
31,3859.0,3859.0,70.09587293937491,266.1665222413705,0.6845068245068506,85.0,65.0,1.3076923076923077,1080.6584607411246,150.94324954651464,0.4937705887927148,0.9368778829813061,0.6984615384615385
32,4572.0,4572.0,76.29712444469428,305.27922061357856,0.616483698593997,117.0,58.0,2.0172413793103448,2123.9050743657044,118.2749343832021,0.8998433758706319,0.9102130201075055,0.6737400530503979
33,11075.0,11075.0,118.74817033513371,451.5351006300441,0.6826067306078563,143.0,125.0,1.144,1861.060316027088,136.85679458239278,0.5555788811679443,0.9454498890216835,0.6195804195804195
34,13964.0,13964.0,133.3398552672149,613.0681092190351,0.4668767567194114,141.0,177.0,1.2553191489361701,881.7483529074764,128.56309080492696,0.6905663032227789,0.8277906218507322,0.5595223784910045
35,2134.0,2134.0,52.12574400874137,200.30256121069152,0.6683920475347621,70.0,48.0,1.4583333333333333,921.9597000937207,155.27132146204312,0.7070621926007689,0.9548098434004474,0.6351190476190476
36,9689.0,9689.0,111.06942850730344,429.9726547895302,0.6585778912275141,120.0,118.0,1.0169491525423728,1597.4495820002064,135.6120342656621,0.48980728560538034,0.9395849495733126,0.6842514124293785
37,10949.0,10949.0,118.07074055541997,550.2813126546316,0.4543753791744608,133.0,158.0,1.1879699248120301,1999.007215270801,133.76975066216093,0.6098596558704146,0.8368236013451544,0.5210335966498525
38,1904.0,1904.0,49.2366539599895,212.76955262170048,0.5285156444138088,91.0,24.0,3.7916666666666665,292.9700630252101,138.3981092436975,0.9606958528191715,0.9855072463768116,0.8717948717948718
39,7630.0,7630.0,98.56377491923334,381.58787847868,0.6584840519113775,104.0,117.0,1.125,1467.8306684141546,147.71022280471823,0.6583566830206684,0.9068219633943427,0.6270545693622617
40,1101.0,1101.0,37.441110276718746,205.69238815542514,0.3270097803933182,93.0,12.0,7.75,297.70935513169843,155.52406902815622,0.9914964616920338,0.9927862939585211,0.9865591397849462
41,4065.0,4065.0,71.94246832955092,271.7167747730646,0.6918907301690818,91.0,66.0,1.378787878787879,297.9011070110701,188.2880688806888,0.6809321470527999,0.9340533088235294,0.6768231768231768
42,11887.0,11887.0,123.02438160083098,470.842712474619,0.6737990910789712,122.0,164.0,1.3442622950819672,1007.4419113317069,177.5680154790948,0.7284525096882997,0.9101837672281776,0.5941123550579768
43,2807.0,2807.0,59.782801892112765,226.83556979968262,0.6855355218398774,60.0,77.0,1.2833333333333334,1933.2201638760241,177.01282508015674,0.7055302269306263,0.8942338324307104,0.6075757575757575
44,4484.0,4484.0,75.55928876446939,295.22034611053283,0.6465213897751698,83.0,96.0,1.1566265060240963,441.514495985727,149.60035682426405,0.827977947940116,0.9091646390916464,0.5627510040160643
45,3873.0,3873.0,70.22290763532428,275.9066376115481,0.6393417474983468,98.0,69.0,1.4202898550724639,416.35631293570873,187.29176349083397,0.8817634955501622,0.8921907394609537,0.572759538598048
46,1767.0,1767.0,47.43220715449612,184.79393923934,0.6502359347573589,52.0,67.0,1.2884615384615385,1416.1307300509338,148.5195246179966,0.8665600529955083,0.9629427792915531,0.5071756601607348
47,10679.0,10679.0,116.60585361904779,471.29751057680824,0.6041574829809356,162.0,100.0,1.62,2155.484315010769,173.71589100103006,0.8168294148000332,0.864416383357617,0.6591975308641975
48,6314.0,6314.0,89.6617782862788,358.70057685088807,0.6166664078205751,107.0,111.0,1.0373831775700935,1408.1677225213812,197.26987646499842,0.8834871925684694,0.9470526473676316,0.5316157278774101
49,9139.0,9139.0,107.8709237901236,380.4751801064719,0.7933336556166151,127.0,104.0,1.2211538461538463,1707.3592296750192,187.85556406609038,0.6019316775276612,0.963622943905525,0.6919291338582677
50,18638.0,18638.0,154.0475207031063,705.8620484583752,0.47007754622595627,166.0,176.0,1.0602409638554218,1267.3522910183497,186.21252280287584,0.6369511576916411,0.9345166466105094,0.6379381161007667
51,4500.0,4500.0,75.6939756606048,354.0843071412118,0.4510337275446206,77.0,117.0,1.5194805194805194,35.57688888888889,164.0211111111111,0.920172370517566,0.8731082654249127,0.4995004995004995
52,3571.0,3571.0,67.4295069998978,279.56349186104046,0.5741677582410494,62.0,92.0,1.4838709677419355,350.9537944553346,202.14169700364045,0.845919403986274,0.8830365974282888,0.6260518934081346
53,13269.0,13269.0,129.97928880822082,543.0853531617383,0.565342815949808,150.0,128.0,1.171875,150.68166402893962,179.60125103624992,0.6565268820560262,0.9090846807344478,0.69109375
54,6480.0,6480.0,90.83277079272577,337.82337649086287,0.7135188866627353,74.0,111.0,1.5,518.4123456790123,190.14706790123458,0.7169511135546455,0.9781132075471698,0.7888970051132214
55,6440.0,6440.0,90.55198875836162,477.3452377915607,0.35516531209247665,98.0,110.0,1.1224489795918366,587.3027950310559,203.85139751552796,0.48367349967449363,0.8101648006038495,0.5974025974025974
56,4173.0,4173.0,72.8918968073944,266.5512985522207,0.7380684541685205,90.0,64.0,1.40625,783.9801102324467,205.95351066379104,0.7380765119223581,0.9411366711772666,0.7244791666666667
57,4126.0,4126.0,72.48024807888892,270.00104602052653,0.7112269330145876,60.0,96.0,1.6,23.398448860882212,224.90305380513814,0.789471331924693,0.9685446009389671,0.7163194444444444
58,10077.0,10077.0,113.27150962310088,445.144227664784,0.6390570501155621,109.0,129.0,1.18348623853211,1517.4978664285006,235.9844199662598,0.5456717647090465,0.9496748657054,0.7166631107318114
59,1227.0,1227.0,39.525497104907416,149.0893577750951,0.6936831396000418,41.0,50.0,1.2195121951219512,701.4140179299103,215.94947025264872,0.8384244920352496,0.9143070044709389,0.5985365853658536
60,2271.0,2271.0,53.77292075100212,225.71677477306463,0.5601435327085809,59.0,71.0,1.2033898305084745,725.6182298546896,232.25671510347865,0.664726195367144,0.7836438923395446,0.5421341608975889
61,1572.0,1572.0,44.73849085880832,187.43860018001263,0.5622692607381358,72.0,37.0,1.945945945945946,802.9033078880407,244.96310432569973,0.9115451884709348,0.8747913188647746,0.5900900900900901
62,14491.0,14491.0,135.83267001261973,543.8721497261419,0.615622635618656,162.0,133.0,1.218045112781955,2150.5553101925334,268.1907390794286,0.45702134013131657,0.9276020996031238,0.6725610322101551
63,7314.0,7314.0,96.50116077122067,378.41630560342617,0.6418375731307782,113.0,101.0,1.118811881188119,1844.2132895816244,249.38255400601585,0.5103836712341404,0.9268787225953619,0.6408481556120214
64,8250.0,8250.0,102.49012754438884,388.81832585697947,0.6857571755197021,125.0,97.0,1.288659793814433,420.0387878787879,259.456,0.5842138733017176,0.9250953128504149,0.6804123711340206
65,6245.0,6245.0,89.17051618596301,406.17366491630685,0.475684262480009,107.0,97.0,1.1030927835051547,1606.8200160128104,264.42706164931946,0.6514146704942563,0.8861927061160778,0.601695731766066
66,11819.0,11819.0,122.67199427426331,580.6244584051392,0.44055480689977783,159.0,129.0,1.2325581395348837,175.64785514848973,275.45088416955747,0.68216795768087,0.8327344465581624,0.5762273901808785
67,11057.0,11057.0,118.65163145164374,502.9015869776647,0.5493905202846044,109.0,161.0,1.4770642201834863,1085.4805100841097,265.09360586054083,0.8449070509122205,0.822448675989289,0.630064391133398
68,3399.0,3399.0,65.78556994170391,237.32085117392117,0.75838412588473,66.0,83.0,1.2575757575757576,1136.31715210356,278.5895851721094,0.7571245897984458,0.9238923620549062,0.6204819277108434
69,6160.0,6160.0,88.5615921015911,353.4041122946064,0.6197940156995853,92.0,109.0,1.184782608695652,770.601948051948,289.1897727272727,0.5139075955997264,0.8997955010224948,0.6142800159553251
70,2444.0,2444.0,55.783487228146086,201.39696961967002,0.7571905802758994,49.0,62.0,1.2653061224489797,709.0720130932897,281.57978723404256,0.5875408849237699,0.9371165644171779,0.804476629361422
71,9498.0,9498.0,109.96921931110803,426.75945135393374,0.6553536657537659,119.0,128.0,1.0756302521008403,639.4759949463045,289.0880185302169,0.3382337391574512,0.9362247412518482,0.6235556722689075
72,16865.0,16865.0,146.5373158003057,596.7665940288701,0.595096233300286,165.0,159.0,1.0377358490566038,1986.5029350726356,289.1377408834865,0.6578131982125465,0.9252756899105722,0.6428435296359825
73,3443.0,3443.0,66.20999737594894,240.6639969244288,0.747006939702829,68.0,83.0,1.2205882352941178,482.7017136218414,300.8007551553877,0.8006466756103388,0.9343283582089552,0.6100283486888731
74,4108.0,4108.0,72.32197487466757,367.34523779156063,0.38255287553231915,85.0,83.0,1.0240963855421688,1292.3943524829601,300.1540895813048,0.7941646439260722,0.8762798634812287,0.5822820694542877
75,6672.0,6672.0,92.16861853403796,474.0142853498728,0.37314965229633296,117.0,111.0,1.054054054054054,1365.675809352518,292.1735611510791,0.5715146856181188,0.77554341508776,0.5137445137445138
76,2765.0,2765.0,59.33386335974361,230.06601717798213,0.6564475794338858,61.0,67.0,1.098360655737705,1617.9236889692586,320.7710669077758,0.4149782145923536,0.8828224776500638,0.676535356006851
77,31.0,31.0,6.282549314314218,29.0,0.46320747805604556,31.0,1.0,31.0,1409.0,318.0,1.0,1.0,1.0
78,14577.0,14577.0,136.2351380650545,534.1564209736038,0.6420089924666078,141.0,160.0,1.1347517730496455,978.1845372847637,316.1264320504905,0.672286553136284,0.9238228024589644,0.6461436170212767
79,439.0,439.0,23.642169108157916,141.01219330881977,0.2774348722406576,64.0,17.0,3.764705882352941,1410.738041002278,320.33029612756263,0.9886424095109414,0.656203288490284,0.40349264705882354
80,6517.0,6517.0,91.09172362536047,440.64170234784234,0.4217803979195205,96.0,117.0,1.21875,77.91453122602424,298.0303820776431,0.7210318985694748,0.837015155407141,0.5802172364672364
81,4078.0,4078.0,72.05741366042771,258.1076477383248,0.7692284524469529,78.0,76.0,1.0263157894736843,415.33570377636096,338.9139283962727,0.316838512765632,0.9340357306459002,0.6879217273954116
82,5718.0,5718.0,85.32516461628222,323.94826817189073,0.6847037240183002,116.0,72.0,1.6111111111111112,1717.702693249388,305.8487233298356,0.8266235864344864,0.9271931246959624,0.6846264367816092
83,8109.0,8109.0,101.61052833371862,422.3746750430836,0.5711910885013571,129.0,117.0,1.1025641025641026,1689.3538044148477,358.73005302750033,0.7293170261734423,0.8162874974833904,0.5372689326177699
84,11944.0,11944.0,123.3189893013918,461.08535316173834,0.7059874899651367,120.0,144.0,1.2,318.28114534494307,337.64425653047556,0.6143445454492314,0.9562084700984709,0.6912037037037037
85,4414.0,4414.0,74.96718849243986,282.4507934888324,0.6952749693126383,102.0,62.0,1.6451612903225807,1409.751246035342,348.2847757136384,0.8456060948568845,0.8989816700610997,0.6979759645793802
86,9665.0,9665.0,110.93178173934352,486.8954903232549,0.5123187117887219,133.0,147.0,1.105263157894737,841.1296430419038,339.45794102431455,0.7574621380129828,0.785006497725796,0.494348115185924
87,3071.0,3071.0,62.530941476053954,228.5685424949238,0.7386807178483231,63.0,65.0,1.0317460317460319,877.3966134809508,378.77401497883426,0.6785713787514035,0.9752302318196253,0.7499389499389499
88,14345.0,14345.0,135.1466657717678,508.54119728445403,0.69704069528354,144.0,143.0,1.006993006993007,1848.2871383757406,360.4927849424887,0.4458887313725363,0.9423860202338721,0.6966297591297591
89,6366.0,6366.0,90.03023348733494,459.3208511739212,0.3791789122752214,74.0,171.0,2.310810810810811,2286.230285893811,331.46952560477536,0.9634429108414018,0.7392869585414006,0.5030820293978189
90,1088.0,1088.0,37.219411933450225,246.62741699796953,0.22477916339196144,10.0,119.0,11.9,2273.252757352941,371.6001838235294,0.9964101732695841,0.9766606822262118,0.9142857142857143
91,10133.0,10133.0,113.58581032330316,462.43354954612926,0.5954553991124019,86.0,156.0,1.813953488372093,2230.6820290141122,357.25510707589063,0.8356820884646435,0.9257262927096657,0.7552921884317233
92,11461.0,11461.0,120.79982790637452,543.1097397793778,0.4882667988132074,128.0,146.0,1.140625,551.9565482942152,368.22458773230954,0.5919330965636079,0.8663542217854713,0.61328125
93,10875.0,10875.0,117.67106717028997,450.5584412271571,0.6731887790700559,120.0,134.0,1.1166666666666667,1525.9559540229884,361.1055632183908,0.6356440269998661,0.9296460933492905,0.6763059701492538
94,4540.0,4540.0,76.02964903968477,271.4629867976521,0.7741844974118263,83.0,84.0,1.0120481927710843,245.768281938326,410.96916299559473,0.3437860314210316,0.9567966280295047,0.6511761331038439
95,13074.0,13074.0,129.02067201757833,470.3990616607231,0.7424811821849122,149.0,135.0,1.1037037037037036,696.491280403855,411.65266942022333,0.4347610833282227,0.9559113840754552,0.6499627143922446
96,19497.0,19497.0,157.55745429430328,667.3107499061545,0.5502010483264927,181.0,172.0,1.052325581395349,1353.5085910652922,421.20767297532956,0.49586203848426325,0.8605287549101823,0.6262687909546447
97,8840.0,8840.0,106.09164705790384,411.0548698896889,0.6574497029094638,90.0,126.0,1.4,42.25373303167421,417.2059954751131,0.7151614099064599,0.9347573226181665,0.7795414462081128
98,21033.0,21033.0,163.64610396955584,628.0803025278549,0.6700091578369444,195.0,166.0,1.1746987951807228,1155.234916559692,423.9241667855275,0.4806657118816114,0.9414950760966876,0.6497683039851715
99,10473.0,10473.0,115.47570199834838,424.03152929257595,0.7319554809312265,120.0,121.0,1.0083333333333333,145.50338966867182,423.7151723479423,0.3205238903468924,0.9500181422351234,0.7212809917355372
100,18469.0,18469.0,153.34751759227706,611.4528855298854,0.6207650359092663,162.0,176.0,1.0864197530864197,2038.945963506416,424.94964535167037,0.5489701308377831,0.9084157198367026,0.6477623456790124
101,6555.0,6555.0,91.35691115476152,350.2741699796952,0.6713768077897965,105.0,99.0,1.0606060606060606,399.3630816170862,443.4869565217391,0.24372010015452555,0.9320346935873738,0.6305916305916306
102,8045.0,8045.0,101.20875524081099,466.81832585697947,0.46391682010487967,94.0,126.0,1.3404255319148937,1005.3589807333748,448.4365444375388,0.7561332943695342,0.8477344573234984,0.6792468760553867
103,8693.0,8693.0,105.20585232002433,464.2741699796952,0.506792873419925,93.0,142.0,1.5268817204301075,1631.4509375359485,456.73288853100195,0.7156664489781701,0.8832554358870148,0.6582613963349992
104,8403.0,8403.0,103.43612470703633,410.5584412271571,0.6264613123774014,126.0,107.0,1.1775700934579438,813.3582054028324,464.8853980721171,0.6108146271637755,0.896606914212548,0.6232754784156653
105,5420.0,5420.0,83.07200691246469,315.8061325481597,0.6829171703534948,75.0,117.0,1.56,1070.7719557195571,481.2289667896679,0.8787719047037535,0.9406456091634849,0.6176638176638176
106,8747.0,8747.0,105.5321102688583,377.8061325481598,0.7700713824089839,100.0,110.0,1.1,1720.3722419115124,475.3914484966274,0.48116623280296467,0.9434796677812534,0.7951818181818182
107,1886.0,1886.0,49.00336500048254,249.21320343559645,0.381600958570258,18.0,110.0,6.111111111111111,2302.5774125132557,474.37327677624603,0.9851817240286991,0.9802494802494802,0.9525252525252526
108,7193.0,7193.0,95.6995927121951,384.5107140124046,0.6113684645957,87.0,130.0,1.4942528735632183,935.239399416099,464.4782427359933,0.7969416116096797,0.9181771764105182,0.6359858532272326
109,8455.0,8455.0,103.75567623381288,383.46298679765215,0.7225644234525253,97.0,114.0,1.175257731958763,2251.9562389118864,477.0769958604376,0.6103699120421011,0.9632034632034632,0.7646048109965635
110,9260.0,9260.0,108.5826790250066,397.7411613907042,0.7355628310402377,102.0,128.0,1.2549019607843137,1878.802483801296,489.54470842332614,0.6104662689240051,0.953067105804858,0.7092524509803921
111,5973.0,5973.0,87.2069939896057,319.6812408671319,0.7344598746131389,100.0,73.0,1.36986301369863,1541.468273899213,467.8064624141972,0.745122459832551,0.9723262249715123,0.8182191780821918
112,9622.0,9622.0,110.6847365242459,456.3330444827409,0.5806459210885556,103.0,142.0,1.3786407766990292,1803.0999792143007,504.8885886510081,0.8069284156517249,0.8430736878997634,0.6578695473813756
113,16241.0,16241.0,143.80084647193067,671.3940110268397,0.45275963851800505,177.0,156.0,1.1346153846153846,292.3220860784434,497.9016686164645,0.6311671797717288,0.8806051076289106,0.5881862958134144
114,4432.0,4432.0,75.11988859327629,287.09545442950497,0.675704767237928,100.0,57.0,1.7543859649122806,1534.9025270758123,522.5821299638989,0.8241112615381773,0.9539388721480844,0.7775438596491228
115,7670.0,7670.0,98.8217957138945,365.445742854949,0.7217045009797423,108.0,105.0,1.0285714285714285,1437.9514993481096,502.30365058670145,0.23753546037400164,0.9523218276632729,0.6763668430335097
116,12776.0,12776.0,127.5417908904232,562.1808075912434,0.507987162279766,134.0,152.0,1.1343283582089552,471.8051033187226,509.62523481527865,0.5258637155425535,0.9144002290294876,0.6272584446190103
117,5708.0,5708.0,85.2505209447327,312.19090885901,0.7359584979215581,89.0,105.0,1.1797752808988764,2177.832515767344,517.3190259285213,0.8035906345330488,0.9197550757331615,0.6108079186730873
118,8620.0,8620.0,104.76318473403289,358.47518010647184,0.8429444325841977,118.0,100.0,1.18,1300.583410672854,527.285150812065,0.45463249297770875,0.9776567993648634,0.7305084745762712
119,3826.0,3826.0,69.79551918394714,278.5512985522207,0.6196471476786722,53.0,108.0,2.0377358490566038,56.12415054887611,524.8557239937271,0.9081756617827917,0.887497100440733,0.6684136967155835
120,10376.0,10376.0,114.93969512823692,437.0609665440988,0.6825834960649503,116.0,138.0,1.1896551724137931,114.4225134926754,552.953064764842,0.7025121549156315,0.9087405850411631,0.6481759120439781
121,3139.0,3139.0,63.21945057435786,221.4213562373095,0.8045669091664996,67.0,72.0,1.0746268656716418,760.8043963045556,547.1713921631093,0.5318302726028653,0.9655490618271301,0.6507048092868989
122,854.0,854.0,32.97493853222215,231.79898987322335,0.1997306229535333,9.0,112.0,12.444444444444445,3.4578454332552693,549.7201405152225,0.9972534111119342,0.9374313940724479,0.8472222222222222
123,861.0,861.0,33.109805919349256,208.72792206135784,0.24834299606029703,9.0,100.0,11.11111111111111,11.912891986062718,553.349593495935,0.9956411886812588,0.9930795847750865,0.9566666666666667
124,3880.0,3880.0,70.2863388829752,421.60512242138304,0.2743025417871674,58.0,141.0,2.4310344827586206,26.365721649484534,583.7092783505154,0.9569942517686306,0.6649528706083976,0.4744436292492052
125,8928.0,8928.0,106.61839735897146,402.80108191427644,0.6914850401253143,119.0,112.0,1.0625,1953.5418906810037,557.4540770609319,0.2625091795264821,0.9493832411739686,0.6698679471788715
126,23113.0,23113.0,171.547036108071,788.6316010800756,0.4670010232050588,186.0,204.0,1.096774193548387,616.199411586553,561.5368840046727,0.6619533658088936,0.9216444692559215,0.609134514020662
127,16270.0,16270.0,143.9291749189201,610.3229432149743,0.548880781284912,166.0,163.0,1.01840490797546,876.1012292562999,573.940749846343,0.7334780144297315,0.9215519682809402,0.6013009091581049
128,9000.0,9000.0,107.04744696916627,390.8599564173221,0.7403038618783238,129.0,106.0,1.2169811320754718,365.89344444444447,581.699,0.6403418117504133,0.9279307145066502,0.6581834137779728
129,19324.0,19324.0,156.8568805072391,671.5655839020935,0.5384309671728829,164.0,178.0,1.0853658536585367,2087.3489960670668,576.7233492030635,0.4967907117902496,0.9201904761904762,0.661962181419567
130,7296.0,7296.0,96.38234132032562,385.1614716074871,0.6180292283706874,114.0,97.0,1.175257731958763,1550.9303728070176,588.9280427631579,0.7643481365002426,0.9018541409147095,0.6597938144329897
131,24156.0,24156.0,175.37495386349383,734.1635636485402,0.5631826038314746,214.0,172.0,1.244186046511628,1146.361732074847,609.8265441298228,0.6845470854244692,0.8871749669457911,0.6562703760052162
132,2797.0,2797.0,59.676218099208086,252.00714267493643,0.5534477547718879,69.0,72.0,1.0434782608695652,1618.4340364676439,590.6953879156239,0.7472320447630512,0.8910481044918764,0.5630032206119162
133,3397.0,3397.0,65.76621270428568,254.75230867899737,0.6577625664417847,63.0,79.0,1.253968253968254,1392.0017662643509,600.8248454518694,0.621246108205857,0.9191017316017316,0.6825396825396826
134,3633.0,3633.0,68.01234642344613,289.4213562373095,0.5450221006377404,63.0,102.0,1.619047619047619,1438.224057252959,623.6476740985412,0.7812093923224992,0.8347886029411765,0.565359477124183
135,3996.0,3996.0,71.32927323870412,291.5218613006979,0.5908715604545298,93.0,80.0,1.1625,2223.6781781781783,608.3581081081081,0.7492311068893694,0.8113705583756345,0.5370967741935484
136,55.0,55.0,8.368283871884005,54.207106781186546,0.23521233717774268,54.0,2.0,27.0,2193.981818181818,623.0181818181818,0.9999662200585627,0.6790123456790124,0.5092592592592593
137,3082.0,3082.0,62.64283100941218,231.6223663640862,0.7219074270318782,85.0,54.0,1.5740740740740742,2208.2683322517846,647.2394548994159,0.8329832511269465,0.9649342517219787,0.6714596949891067
138,6178.0,6178.0,88.69088965262348,387.93102422918764,0.5158800602054877,118.0,88.0,1.3409090909090908,1861.571706053739,641.5564907737132,0.836702727349581,0.8992721979621543,0.5949537750385208
139,5149.0,5149.0,80.96857671863421,315.6223663640862,0.6495270056564114,64.0,110.0,1.71875,1649.5416585744804,645.2256748883278,0.8341196679261431,0.913267115998581,0.7313920454545455
140,5868.0,5868.0,86.43708491443898,376.5929291125633,0.5199428929538134,65.0,124.0,1.9076923076923078,2284.4676209952286,649.1048057259713,0.8693415343184892,0.9019366738395327,0.7280397022332507
141,5929.0,5929.0,86.88519586635447,334.59292911256335,0.665514920599697,62.0,116.0,1.8709677419354838,1703.026986001012,641.26480013493,0.8518359804904502,0.9654779351897085,0.8243882091212458
142,6893.0,6893.0,93.68265678266962,372.47518010647184,0.6243433134032904,104.0,100.0,1.04,827.3130712316843,657.0554185405484,0.4987951585374163,0.9131010729897999,0.6627884615384615
143,7786.0,7786.0,99.56627488918112,363.9066376115481,0.738829638648444,77.0,129.0,1.6753246753246753,296.55458515283846,660.8989211405086,0.7915782215899378,0.9721563241353477,0.783851807107621
144,4867.0,4867.0,78.72011727777111,300.4446968344225,0.6775512095991102,65.0,101.0,1.5538461538461539,367.764125744812,670.2348469282925,0.7559398390417967,0.9397567097895346,0.7413556740289413
145,4555.0,4555.0,76.1551451070029,355.39801564019655,0.4531774049136559,108.0,82.0,1.3170731707317074,1590.9082327113063,660.889571899012,0.7781010812449771,0.8466542750929368,0.5143405600722674
146,1042.0,1042.0,36.424107478619696,225.55634918610403,0.25737565795732176,11.0,106.0,9.636363636363637,336.0,667.2476007677543,0.9954214106600972,0.9515981735159817,0.8936535162950258
147,20450.0,20450.0,161.36216622812822,667.5533905932738,0.5766750529788832,178.0,173.0,1.0289017341040463,169.89427872860637,685.0203422982885,0.6274102197373412,0.9190185151896458,0.6640904072221862
148,22047.0,22047.0,167.54435903000774,720.4062043356595,0.5338318447632758,150.0,218.0,1.4533333333333334,731.436476618134,724.1275910554724,0.8020577991211177,0.9002082397615451,0.6742201834862386
149,12792.0,12792.0,127.62162926499646,541.1452736853106,0.5489345615736451,173.0,133.0,1.300751879699248,1800.6556441525954,698.437617260788,0.6070579088013016,0.89875641115717,0.555956364900691
150,7924.0,7924.0,100.44476169756904,398.9604614807104,0.6255969399763788,131.0,101.0,1.297029702970297,1952.9304644119131,704.1229177183241,0.6856229215686002,0.8774222123795814,0.5988965308744615
151,5421.0,5421.0,83.07967002828862,413.01933598375615,0.3993452315470565,69.0,139.0,2.0144927536231885,490.1479431839144,705.844678103671,0.9123395626304345,0.8104350426072656,0.5652173913043478
152,3503.0,3503.0,66.78441528685622,254.71067811865476,0.6785091320371421,42.0,101.0,2.4047619047619047,534.1781330288325,701.1964030830717,0.901138270931353,0.9725152692948362,0.8257897218293258
153,13222.0,13222.0,129.74888539208467,560.7066735052979,0.5284885307362652,125.0,185.0,1.48,1327.9646044471335,691.6152624413855,0.8096637068030612,0.8388529374444867,0.5717621621621621
154,8752.0,8752.0,105.56226833259194,425.2031021678297,0.6083091153427869,95.0,142.0,1.4947368421052631,1397.8663162705668,717.3849405850092,0.8452555980655132,0.9326513213981245,0.6487768717568569
155,6191.0,6191.0,88.78415411240562,365.84776310850236,0.5812592270733935,94.0,122.0,1.297872340425532,578.3224034889356,722.6021644322403,0.7306600321383632,0.8262378219671693,0.5398500174398326
156,15955.0,15955.0,142.52907400333984,631.1513703397204,0.5033146986533243,163.0,149.0,1.0939597315436242,1019.6028831087433,722.4077718583516,0.6799033153274162,0.915008315650628,0.6569358092806852
157,7528.0,7528.0,97.90274405125888,395.58787847867995,0.6045100470602358,112.0,118.0,1.0535714285714286,1154.6313761955366,733.4988044633369,0.5574398121824979,0.9092885614204614,0.5696125907990315
158,8093.0,8093.0,101.51023414189169,494.0731598529186,0.416616897821334,88.0,149.0,1.6931818181818181,2195.6828123069317,742.7155566538984,0.854922833159658,0.8272513543902689,0.6172208663819402
159,11502.0,11502.0,121.01570659853968,514.8010819142764,0.5453864268716055,114.0,146.0,1.280701754385965,2117.4434011476264,741.5602503912363,0.5413496208599511,0.9063829787234042,0.6910598413842827
160,5299.0,5299.0,82.13949322677628,379.7827919510467,0.46167166200038945,105.0,76.0,1.381578947368421,1545.4185695414228,720.4689564068692,0.6084199329888098,0.9190079778009018,0.6640350877192982
161,8977.0,8977.0,106.91057661937643,388.91273426595797,0.7458246998675658,87.0,138.0,1.5862068965517242,36.946752812743675,750.9658014927036,0.7889986662999718,0.9739611587284366,0.7477094785940364
162,11626.0,11626.0,121.66627695089137,633.2935059634514,0.3642756261661037,142.0,136.0,1.0441176470588236,867.106743505935,763.2922759332531,0.7287210000239347,0.8990797308792824,0.6020091135045568
163,5877.0,5877.0,86.5033456255222,319.9482681718907,0.7214496503106433,89.0,106.0,1.1910112359550562,1900.493619193466,771.4837502126935,0.5706766567346713,0.9125776397515528,0.6229595081619673
164,11161.0,11161.0,119.20833258958517,472.2569260369921,0.6288633723151515,132.0,125.0,1.056,1658.316727891766,770.861123555237,0.5913322761236103,0.9226254443250392,0.6764242424242424
165,3359.0,3359.0,65.39733657241258,236.69343417595167,0.7534378714003586,68.0,72.0,1.0588235294117647,438.3373027686811,770.817802917535,0.44425239203247624,0.9403695408734603,0.6860702614379085
166,1707.0,1707.0,46.61995176813166,218.5269119345812,0.4491935668200832,97.0,19.0,5.105263157894737,1537.5823081429407,760.9988283538371,0.9779235334498468,0.9861351819757366,0.9262072707542051
167,4568.0,4568.0,76.26374132148398,290.5512985522207,0.6799708854133535,108.0,62.0,1.7419354838709677,1545.9014886164623,792.600700525394,0.8633144770194641,0.9196698208173948,0.6821983273596177
168,6988.0,6988.0,94.32601941463086,442.9543648263006,0.4475533263306122,80.0,149.0,1.8625,2281.707355466514,788.0276187750429,0.7821212036700702,0.921656554998681,0.586241610738255
169,10172.0,10172.0,113.80418555152563,439.00209204105306,0.6632588228815963,126.0,139.0,1.1031746031746033,347.4809280377507,789.8058395595754,0.38257201938891516,0.9075660242683797,0.5807925088500628
170,10065.0,10065.0,113.20404594253428,438.17366491630696,0.6587658827187676,127.0,123.0,1.032520325203252,1971.8279185295578,798.058519622454,0.7802930422212325,0.9183394160583942,0.6443249471864797
171,7861.0,7861.0,100.04467032862428,377.84776310850236,0.6919169174698608,114.0,102.0,1.1176470588235294,538.0298944154688,804.4603739982191,0.5147304862388276,0.9108922363847045,0.6760405916752666
172,8976.0,8976.0,106.90462175950495,422.9188309203679,0.6306358591368311,132.0,101.0,1.306930693069307,220.2671568627451,791.3491532976827,0.7622115362913502,0.8885369233815086,0.6732673267326733
173,1332.0,1332.0,41.18197510546619,156.01828996322965,0.6876430561651834,37.0,55.0,1.4864864864864864,474.52252252252254,800.7304804804805,0.7453561994529809,0.8868175765645806,0.6545454545454545
174,4231.0,4231.0,73.39670642320726,280.79393923934003,0.6743376842440759,63.0,102.0,1.619047619047619,408.8444812101158,835.9442212242968,0.8240236422903823,0.8799916805324459,0.6584189231248054
175,14363.0,14363.0,135.23142970859675,728.5422433049805,0.3400521673053117,140.0,172.0,1.2285714285714286,982.7661352085219,850.6884355636009,0.7033579425636729,0.8653973609688498,0.5964700996677741
176,7435.0,7435.0,97.29612538588542,424.51681066681454,0.5184430433328936,123.0,95.0,1.2947368421052632,1089.876260928043,841.9125756556825,0.8161073709002236,0.8278588130497717,0.636285836542576
177,21081.0,21081.0,163.83272824000085,722.1635636485403,0.5079604826231735,171.0,197.0,1.152046783625731,1223.824581376595,844.94355106494,0.6154117089672063,0.9264744660279511,0.6257903642354617
178,7282.0,7282.0,96.28982482464829,352.0904037956216,0.7381628110961375,106.0,104.0,1.0192307692307692,473.07731392474597,863.416918429003,0.49803254008795483,0.9468209595631257,0.6605587808417998
179,3550.0,3550.0,67.23094811029982,269.9066376115481,0.6123660246747168,99.0,66.0,1.5,205.42535211267605,852.2512676056338,0.8777828535899116,0.8656425262131188,0.5433119069482706
180,4567.0,4567.0,76.25539325716895,317.7056274847714,0.5685793211191233,109.0,86.0,1.2674418604651163,2047.5226625793737,854.2704182176484,0.7263320695908765,0.8103264726756565,0.4871986345210156
181,21773.0,21773.0,166.49998380636168,672.3645737753168,0.6052272741143608,184.0,179.0,1.0279329608938548,1414.8680475818674,872.8117852385983,0.354016035696299,0.9168737103634144,0.6610699538498906
182,64.0,64.0,9.0270333367641,62.0,0.20922157110275416,51.0,14.0,3.642857142857143,2020.078125,867.421875,0.9858861122097501,0.1671018276762402,0.0896358543417367
183,60.0,60.0,8.740387444736633,58.0,0.2241326506722801,49.0,12.0,4.083333333333333,2019.4,868.1,0.9893654201041636,0.18808777429467086,0.10204081632653061
184,56.0,56.0,8.444016491289505,54.0,0.24132947681896902,47.0,10.0,4.7,2018.6964285714287,868.8035714285714,0.99256318175429,0.21621621621621623,0.11914893617021277
185,4844.0,4844.0,78.53389303158941,281.56349186104046,0.767823346894832,92.0,76.0,1.2105263157894737,2010.7078860445913,901.0759702725021,0.583273249351158,0.9420458965383119,0.6927917620137299
186,4061.0,4061.0,71.90706356937054,270.73506473629425,0.696231771579082,69.0,100.0,1.4492753623188406,1587.6079783304606,864.3614873183944,0.8141064117243515,0.9006431581281881,0.5885507246376812
187,5765.0,5765.0,85.67511876500792,320.1076477383248,0.7069961934833463,79.0,96.0,1.2151898734177216,33.00572419774501,875.1014744145707,0.568996797625531,0.9543121999668929,0.7601529535864979
188,8914.0,8914.0,106.53477038868222,393.00209204105306,0.7252584029597211,115.0,110.0,1.0454545454545454,858.7146062373794,881.9902400717972,0.5731926086552378,0.9408908591935824,0.7046640316205534
189,4849.0,4849.0,78.57441410803395,304.492424049175,0.6572174181026551,91.0,83.0,1.0963855421686748,1535.2897504640132,885.3487316972572,0.5331348050994595,0.886958112310225,0.6419965576592083
190,8252.0,8252.0,102.50254983733119,394.4751801064719,0.6663919114868099,138.0,81.0,1.7037037037037037,2162.155113911779,862.0522297624818,0.8167117147799731,0.9335897725987102,0.7382358203614242
191,13610.0,13610.0,131.6388628173518,541.1858582251267,0.583949257082204,178.0,130.0,1.3692307692307693,1773.6096987509184,859.2296105804555,0.8285062219156931,0.8766505636070854,0.5881590319792567
192,4711.0,4711.0,77.44825043374028,290.5756851698602,0.7011394880636236,84.0,96.0,1.1428571428571428,1626.937380598599,899.1373381447676,0.7745289105937816,0.9149349388230724,0.5842013888888888
193,13705.0,13705.0,132.09749414956897,521.8549057834388,0.6323963620671013,144.0,150.0,1.0416666666666667,149.50711419190077,901.7280554542137,0.655659323052151,0.91196433324461,0.6344907407407407
194,3807.0,3807.0,69.62200045105544,327.0538238691624,0.44725404640709077,146.0,30.0,4.866666666666666,1761.4420803782507,915.318098240084,0.9788954570941346,0.9716692189892803,0.8691780821917808
195,9124.0,9124.0,107.78236222204274,387.9726547895302,0.7617157006199237,127.0,115.0,1.1043478260869566,317.26523454625163,912.0507452871548,0.47742162402344057,0.9625487920666737,0.6247175624786032
196,25881.0,25881.0,181.52882045915118,808.5727265770299,0.49745378549196895,227.0,194.0,1.1701030927835052,669.5980062594181,910.8896487770952,0.663091738154398,0.9299342459846933,0.5876969889640765
197,10487.0,10487.0,115.55285849185061,459.3868683519033,0.6244590711224747,145.0,119.0,1.218487394957983,2127.3863831410317,931.2484027843998,0.6898900754798386,0.8739166666666667,0.6077658649666763
198,5275.0,5275.0,81.95327082232889,299.01933598375615,0.741367907931929,82.0,99.0,1.2073170731707317,1887.3503317535544,932.0902369668246,0.7134624952900077,0.9264137688795223,0.6497905888149791
199,9170.0,9170.0,108.05372101515728,405.14927829866735,0.7020193136921592,135.0,94.0,1.4361702127659575,1772.0058887677208,966.6223555070883,0.7102876394643571,0.9454582946695536,0.7226162332545312
200,1739.0,1739.0,47.05489951423176,181.4386001800126,0.6638196023798216,41.0,67.0,1.6341463414634145,1849.749856239218,959.5497412305923,0.8769518768612421,0.9038461538461539,0.633054240990171
201,3277.0,3277.0,64.59416373092176,231.22034611053283,0.7702544419710614,72.0,76.0,1.0555555555555556,1655.5148001220628,954.9359169972536,0.8139471210383272,0.9649587750294464,0.5988669590643275
202,4698.0,4698.0,77.3413174258481,314.69953083036154,0.5961158722682358,104.0,76.0,1.368421052631579,67.37931034482759,952.3648361004683,0.74084370643502,0.8724233983286908,0.5943825910931174
203,8741.0,8741.0,105.49590921230102,391.20310216782974,0.717738766954855,126.0,106.0,1.1886792452830188,1546.2142775426153,970.5680128131793,0.5088623433029714,0.9478421166775103,0.6544624138963762
204,9150.0,9150.0,107.93582275744573,418.6589462905455,0.6560096168169866,128.0,110.0,1.1636363636363636,938.4690710382514,972.0242622950819,0.5294250926468412,0.941358024691358,0.6498579545454546
205,12308.0,12308.0,125.18399385145204,503.36962440920024,0.6104123927042294,153.0,126.0,1.2142857142857142,1094.7637309067272,989.1085472863178,0.528623166019765,0.9252048410133052,0.6384479717813051
206,4819.0,4819.0,78.33097322310472,301.68228688765845,0.6653760541145692,87.0,94.0,1.0804597701149425,1684.3716538700976,998.272670678564,0.662073628928994,0.9237109449875407,0.5892638786989484
207,6170.0,6170.0,88.63344736055319,336.41630560342617,0.6850794707636135,98.0,112.0,1.1428571428571428,2037.966936790924,978.8136142625608,0.5838874207067033,0.9102980230156388,0.5621355685131195
208,1433.0,1433.0,42.714778093834084,197.69848480983498,0.46073305628141614,89.0,17.0,5.235294117647059,55.48918353105373,986.096301465457,0.98029148936586,0.9944482997918113,0.9471249173826835
209,6381.0,6381.0,90.13623874422026,407.46298679765215,0.4829723630210397,139.0,80.0,1.7375,87.90738128819935,1011.535025858016,0.9030983463407949,0.7974256435891027,0.5738309352517985
210,14975.0,14975.0,138.08244704671574,542.3696244092001,0.6397141802295907,153.0,148.0,1.0337837837837838,811.7464440734558,1013.9489148580968,0.32789446350779583,0.9312231826378956,0.661323087793676
211,14376.0,14376.0,135.29261507973263,521.0965004500315,0.6652909488391903,124.0,169.0,1.3629032258064515,2262.815038953812,1013.8501669449082,0.654187281771123,0.9587195731910637,0.6860087803015843
212,3470.0,3470.0,66.46909973988676,254.30256121069155,0.6742762618043364,72.0,76.0,1.0555555555555556,275.0440922190202,1010.2599423631124,0.7051227749594515,0.8996629504796474,0.6341374269005848
213,4378.0,4378.0,74.66085136703533,270.8355697996826,0.7500223736262331,64.0,101.0,1.578125,328.45134764732757,1016.8111009593422,0.7735722786078477,0.9800761137228565,0.6772896039603961
214,5060.0,5060.0,80.26575917762146,288.62846301849606,0.7632768094356068,95.0,73.0,1.3013698630136987,1854.533399209486,1031.1316205533597,0.6552249566946553,0.9628924833491912,0.7296322999279019
215,19457.0,19457.0,157.39574905921717,700.0924958366747,0.49885565280868555,189.0,171.0,1.105263157894737,459.01809117541245,1042.3050316081617,0.691852026057665,0.9037577221422267,0.6020297657724558
216,7159.0,7159.0,95.47314753771884,353.9249275747777,0.7181909408714418,102.0,107.0,1.0490196078431373,1166.7780416259254,1050.2768543092611,0.7047390372125907,0.957597645799893,0.655946490745831
217,8968.0,8968.0,106.85697093397762,462.4579361637688,0.5269397853634298,134.0,103.0,1.3009708737864079,2085.6078278322925,1040.010593220339,0.7188065279334752,0.851661918328585,0.6497609042167801
218,2123.0,2123.0,51.991225735433,251.58683245815342,0.4214868636274679,69.0,55.0,1.2545454545454546,1623.0146019783326,1022.6113989637306,0.7009032343717657,0.829296875,0.5594202898550724
219,2422.0,2422.0,55.531848315615825,276.35028842544403,0.3985328807483542,100.0,39.0,2.5641025641025643,1619.8670520231215,1059.0033030553261,0.9299460771686806,0.77504,0.6210256410256411
220,6692.0,6692.0,92.30665757878849,346.61731573020285,0.6999472102930189,87.0,106.0,1.2183908045977012,682.7600119545726,1044.259713090257,0.6062575864607638,0.9442641456187385,0.7256560399045761
221,5880.0,5880.0,86.52542125319447,337.3452377915607,0.649288966165208,92.0,120.0,1.3043478260869565,1970.3460884353742,1035.9494897959185,0.8389362279215391,0.9051724137931034,0.532608695652174
222,7334.0,7334.0,96.63301103188125,390.3269478283311,0.604914087131759,114.0,102.0,1.1176470588235294,275.2765203163349,1075.4949550040906,0.7837315058583755,0.8576774646240206,0.630718954248366
223,20007.0,20007.0,159.60483567710725,773.3290398693841,0.4204004750865121,227.0,151.0,1.5033112582781456,1329.5442095266656,1054.6960063977608,0.7453998228842004,0.8573816155988858,0.5836858534877615
224,2765.0,2765.0,59.33386335974361,225.1370849898476,0.6855054664103909,82.0,51.0,1.607843137254902,579.6177215189873,1057.8086799276673,0.8032097980460635,0.9407961891799932,0.6611669057867049
225,889.0,889.0,33.64386950500135,134.15432893255073,0.6207292956550537,33.0,48.0,1.4545454545454546,1108.4386951631045,1065.986501687289,0.8056605398713873,0.9155509783728115,0.5612373737373737
226,7031.0,7031.0,94.61578747245582,371.1381310103742,0.6414396607197214,98.0,126.0,1.2857142857142858,1926.2336794197126,1086.500355568198,0.7770394743783812,0.8851819211884678,0.5694039520570133
227,3038.0,3038.0,62.19406512606668,265.6223663640862,0.5410885585228489,58.0,80.0,1.3793103448275863,199.05694535878868,1056.1033574720211,0.6346260044620383,0.8460038986354775,0.6547413793103448
228,759.0,759.0,31.086794856562303,136.71067811865478,0.510324906754506,57.0,28.0,2.0357142857142856,202.0592885375494,1094.2516469038208,0.948176752617094,0.8452115812917594,0.4755639097744361
229,9373.0,9373.0,109.24318858767663,526.3401871576774,0.42516295800259385,116.0,135.0,1.1637931034482758,926.5259788754935,1106.562466659554,0.6732083900083115,0.8240724459293125,0.5985312899106002
230,2349.0,2349.0,54.68857001771848,211.97770542341357,0.6569200348504082,66.0,65.0,1.0153846153846153,1085.053214133674,1084.6317581949766,0.8447983311284891,0.9052023121387284,0.5475524475524476
231,16977.0,16977.0,147.02308577556403,572.4934700697015,0.6509231805503444,141.0,151.0,1.070921985815603,68.96554161512634,1114.1245214113212,0.4305241081454231,0.953175004210881,0.7973791742989996
232,13861.0,13861.0,132.84718035989357,543.5056633785213,0.5896526842199856,147.0,147.0,1.0,1712.5281725705215,1101.3256619291537,0.4522119790857318,0.9277777777777778,0.641445693923828
233,6255.0,6255.0,89.24188115631831,346.00714267493646,0.656548857420007,96.0,90.0,1.0666666666666667,568.0118305355716,1113.157314148681,0.6281981186607052,0.9244753177652971,0.7239583333333334
234,5953.0,5953.0,87.06086956726554,324.1431816442575,0.7119868381128193,86.0,96.0,1.1162790697674418,1843.4644716949438,1105.566941038132,0.5318997442332528,0.92827070014034,0.7210513565891473
235,7132.0,7132.0,95.29294010078176,345.64675298172574,0.7501640291394178,106.0,93.0,1.1397849462365592,2085.9833146382502,1124.4611609646663,0.41669179879805573,0.9505531120884979,0.7234733211604788
236,8144.0,8144.0,101.82957749260852,455.2386360737625,0.49382082651922937,107.0,152.0,1.4205607476635513,1014.3251473477407,1118.893909626719,0.9023984603294841,0.8158685634141455,0.5007378258730939
237,5468.0,5468.0,83.43904260363891,333.4213562373095,0.6180897512440986,75.0,117.0,1.56,1065.019202633504,1144.2227505486467,0.8316302396107129,0.8764225036063472,0.6231339031339032
238,4876.0,4876.0,78.79286782525848,285.9655121145938,0.7492836250582793,103.0,60.0,1.7166666666666666,1193.68293683347,1119.2910172272354,0.8046990698262708,0.965735789265201,0.7889967637540453
239,2341.0,2341.0,54.59536403601515,200.75230867899737,0.7299450719321402,50.0,70.0,1.4,1896.6932934643314,1137.50704826997,0.8087290789103602,0.9223798266351458,0.6688571428571428
240,3847.0,3847.0,69.98680253159284,256.69343417595167,0.7336729882352606,86.0,66.0,1.303030303030303,264.17078242786584,1136.1668832856772,0.4884552151495021,0.9287783679381941,0.6777660324171952
241,14020.0,14020.0,133.60695497311127,572.842712474619,0.5368921976343825,171.0,106.0,1.6132075471698113,1350.1281740370898,1158.9429386590584,0.7979947493826337,0.9005074185882201,0.7734745669204458
242,5469.0,5469.0,83.44667201366754,331.6639969244288,0.6247713803198882,94.0,92.0,1.0217391304347827,645.4565734137868,1123.29621503017,0.6317235684227348,0.8980295566502463,0.6324005550416282
243,2268.0,2268.0,53.73739189297662,260.9360748630709,0.4185859662231249,54.0,65.0,1.2037037037037037,381.11728395061726,1139.110229276896,0.6777427393459722,0.8773694390715667,0.6461538461538462
244,1135.0,1135.0,38.014824519842385,145.15432893255073,0.6769330853727007,30.0,54.0,1.8,414.5215859030837,1141.774449339207,0.7966925656071362,0.9553872053872053,0.7006172839506173
245,11748.0,11748.0,122.30297695292904,581.3696244092002,0.4367864207611865,119.0,160.0,1.3445378151260505,1503.8766598569969,1133.3406537282942,0.7512998104719486,0.8386037547291028,0.6170168067226891
246,10347.0,10347.0,114.7789596109615,427.10259710444143,0.7127871940688761,113.0,134.0,1.1858407079646018,1601.3415482748624,1144.0437808060308,0.5457524519153387,0.9349417186229331,0.6833311319508651
247,13726.0,13726.0,132.19866107882802,518.1980515339463,0.6423360655446375,153.0,135.0,1.1333333333333333,782.9241585312545,1152.8773859828063,0.45044296946969176,0.9491736394440219,0.6645364318566933
248,4136.0,4136.0,72.5680284769032,267.58073580374355,0.7259065360866553,94.0,58.0,1.6206896551724137,1206.0084622823983,1170.451160541586,0.7842761110871593,0.9532150265038027,0.7586206896551724
249,14298.0,14298.0,134.9250866615373,573.2102448427661,0.546836215600961,146.0,153.0,1.047945205479452,2199.893971184781,1143.294446775773,0.6247531093056693,0.9130268199233716,0.6400752081654579
250,13161.0,13161.0,129.44923965886966,492.6000717874997,0.6815689725253339,125.0,161.0,1.288,182.0940658004711,1167.1744548286604,0.6908602554970567,0.919513728778034,0.6539627329192547
251,6280.0,6280.0,89.42004440245387,349.88329701443513,0.6446486642853951,121.0,79.0,1.5316455696202531,677.6101910828025,1186.9216560509553,0.8260640126775629,0.8990694345025053,0.6569724866617848
252,2203.0,2203.0,52.96174767746589,259.0782104868019,0.4124417148837387,47.0,81.0,1.7234042553191489,1936.807081252837,1186.4552882433045,0.8128724741977222,0.8552018633540373,0.5786708694510113
253,2200.0,2200.0,52.925674284012274,208.65180361560903,0.6350212499786051,53.0,71.0,1.3396226415094339,1970.2045454545455,1184.4231818181818,0.8350355892190988,0.8661417322834646,0.5846399149614669
254,3963.0,3963.0,71.03413486335602,294.97770542341357,0.5723419124547936,91.0,86.0,1.058139534883721,1153.6114055008832,1200.7701236437042,0.6455767889750829,0.8351949420442571,0.506388959877332
255,12182.0,12182.0,124.54157592532604,588.5239533417509,0.4419775110801053,131.0,139.0,1.0610687022900764,485.3720242981448,1194.1239533738303,0.49814345849571573,0.9328432498659928,0.669009830303696
256,9525.0,9525.0,110.12541334134653,481.0853531617383,0.5171667303803837,127.0,116.0,1.0948275862068966,2041.2824146981627,1223.2480839895013,0.4565412707464803,0.8957961064610176,0.646551724137931
257,2840.0,2840.0,60.13318806655657,211.76450198781714,0.7958328863261921,71.0,64.0,1.109375,1116.7528169014086,1244.256690140845,0.548812168444194,0.9441489361702128,0.625
258,7509.0,7509.0,97.77911710286781,369.2447327281724,0.6920912374838292,108.0,112.0,1.037037037037037,1469.901717938474,1246.1440937541618,0.37189341931315156,0.944172010562052,0.6207837301587301
259,4075.0,4075.0,72.03090409536583,261.6223663640862,0.7481483768702091,86.0,68.0,1.2647058823529411,1226.121472392638,1232.997791411043,0.6615686909544601,0.9367816091954023,0.6968194254445964
260,8622.0,8622.0,104.77533753086445,447.87214972614186,0.5401442632453053,109.0,147.0,1.348623853211009,1640.944560426815,1238.2538854094178,0.8466143797560631,0.8340104468949506,0.5381014791237596
261,6593.0,6593.0,91.62133113221466,418.53405460951757,0.47296754257271567,80.0,147.0,1.8375,2280.819353860155,1249.6722281207342,0.7147163662906625,0.8421254310895389,0.5606292517006802
262,5514.0,5514.0,83.78927645987693,389.00209204105306,0.4579022229583396,80.0,104.0,1.3,1693.8739571998549,1270.4383387740297,0.6669023149613763,0.8852143201155884,0.6627403846153846
263,11668.0,11668.0,121.88584416563671,507.87214972614186,0.5684568294517072,118.0,154.0,1.305084745762712,1843.4439492629415,1242.6697805965032,0.7241499191286007,0.8946480601134795,0.6420867268324896
264,936.0,936.0,34.52176435050956,130.42640687119285,0.691440243138764,30.0,46.0,1.5333333333333334,11.893162393162394,1259.2211538461538,0.7779868113238106,0.9821615949632738,0.6782608695652174
265,8095.0,8095.0,101.52277633433367,459.0437226013957,0.48274591946774564,98.0,136.0,1.3877551020408163,1775.5056207535515,1283.9043854231006,0.786522686379686,0.8494228751311648,0.6073679471788715
266,8436.0,8436.0,103.63903125457047,390.16756826189703,0.6963764910090616,94.0,127.0,1.351063829787234,599.198672356567,1266.7744191559982,0.7498537232436657,0.9245944761069707,0.7066510303233372
267,7784.0,7784.0,99.55348620826146,381.58787847867995,0.6717745557114237,136.0,95.0,1.431578947368421,1183.1207605344296,1282.7286742034944,0.7578045969377075,0.9079668727399977,0.6024767801857586
268,1254.0,1254.0,39.958007821935944,167.39696961967002,0.5623571445739386,31.0,61.0,1.967741935483871,11.033492822966506,1301.140350877193,0.9079787840659235,0.9330357142857143,0.6631411951348493
269,18478.0,18478.0,153.3848763979563,594.3818177180199,0.6572548434953227,156.0,188.0,1.205128205128205,327.24439874445284,1271.0211061803225,0.6847186862341733,0.9398779247202441,0.6300463720676487
270,5927.0,5927.0,86.87054035543528,325.46298679765215,0.7031396361568937,118.0,74.0,1.5945945945945945,725.2081997637928,1275.3652775434452,0.8217799809907814,0.9249375780274657,0.6787677508016491
271,5682.0,5682.0,85.05614083171888,349.1198410471445,0.5858170817518954,76.0,118.0,1.5526315789473684,965.309574093629,1274.6312917986625,0.8416360871480051,0.87847866419295,0.6335860838537021
272,18411.0,18411.0,153.10654217935652,610.4823227814084,0.6207847735163176,169.0,168.0,1.005952380952381,860.1142795068166,1295.9293357232089,0.3917749105143547,0.9116613023025502,0.6484573119188504
273,6382.0,6382.0,90.14330132904945,358.2741699796952,0.6247922973924834,97.0,120.0,1.2371134020618557,1059.0427765590723,1277.2635537449075,0.875077250211451,0.9111936036550543,0.5482817869415808
274,412.0,412.0,22.903595622322865,142.2020561473032,0.25603263624388906,39.0,56.0,1.435897435897436,1038.6140776699028,1296.8422330097087,0.9851989530416255,0.6232980332829047,0.18864468864468864
275,14762.0,14762.0,137.09690791327304,498.6417023478424,0.7460670707459154,143.0,154.0,1.0769230769230769,2180.993090367159,1290.1764666034412,0.5755937185061415,0.9596931478351319,0.6703296703296703
276,9391.0,9391.0,109.34803411405215,407.87214972614186,0.7093712789979115,119.0,118.0,1.0084745762711864,514.3920775210307,1315.4959003301033,0.49748951865119173,0.9361977868607317,0.6687793761572426
277,7406.0,7406.0,97.1061896498293,371.6883835420683,0.6736519873210768,93.0,134.0,1.4408602150537635,1021.4832568187956,1340.3019173642992,0.7593973049093414,0.914320987654321,0.5942866313593324
278,26657.0,26657.0,184.23014558970863,713.3351365237941,0.6583152308572034,187.0,201.0,1.0748663101604279,123.09329631991596,1325.7589001012868,0.4163739895377381,0.9403153550389785,0.7092079708409823
279,8079.0,8079.0,101.42239536668112,398.8183258569795,0.6382888528934313,126.0,96.0,1.3125,712.2695878202748,1339.0346577546727,0.6979018904808125,0.8872172194157698,0.667906746031746
280,28768.0,28768.0,191.38588041687183,846.4894654563448,0.504517713349311,204.0,218.0,1.0686274509803921,1369.3242839265852,1343.366657397108,0.4890530204148827,0.8945551789545695,0.6468789350602626
281,14068.0,14068.0,133.8354733070955,603.6955262170047,0.48507211432196684,162.0,165.0,1.0185185185185186,2027.8291868069377,1327.7278220073927,0.7132926152675271,0.8212492702860479,0.5263000374111485
282,8583.0,8583.0,104.53810316081837,441.445742854949,0.5534702867137191,133.0,117.0,1.1367521367521367,1877.8251194221134,1364.2990795759058,0.7954050287227481,0.826082771896054,0.5515712357817621
283,14787.0,14787.0,137.2129481790944,603.0681092190353,0.5109250669356895,133.0,163.0,1.2255639097744362,1518.520254277406,1364.8214648001624,0.585424499549365,0.923091329046757,0.6820886572258869
284,8198.0,8198.0,102.16661777576306,366.6173157302028,0.7664641236652971,105.0,118.0,1.1238095238095238,573.0342766528422,1382.81361307636,0.7526907093376157,0.9677723999527801,0.6616626311541566
285,8311.0,8311.0,102.86833262133658,473.47012947258855,0.465884193436404,131.0,113.0,1.1592920353982301,278.4573456864397,1393.3572373962218,0.855146390281871,0.9088026243849098,0.5614402485982571
286,15352.0,15352.0,139.80977609156744,554.0386719675123,0.6284846377594759,170.0,148.0,1.1486486486486487,1707.2546899426784,1399.9779833246482,0.5050380390785619,0.9461358313817331,0.6101748807631161
287,9776.0,9776.0,111.56697445629217,461.04372260139564,0.5779454253806279,129.0,121.0,1.0661157024793388,1162.3559738134206,1395.1698036006546,0.3145669948658715,0.8819920606279321,0.6263053366647447
288,12473.0,12473.0,126.02030329070664,549.7960312803931,0.5185344144821303,152.0,131.0,1.1603053435114503,2086.9635212058047,1425.4810390443358,0.6130537157155304,0.8998629247529039,0.6264061872237846
289,4649.0,4649.0,76.93692639736638,314.97770542341357,0.5888569164253689,72.0,101.0,1.4027777777777777,1091.8326521832653,1409.3951387395139,0.7689113444190242,0.8948989412897016,0.6393014301430143
290,20631.0,20631.0,162.07468971875633,751.0752518939715,0.4595822413830508,180.0,224.0,1.2444444444444445,437.96481023702194,1401.0584557219718,0.7552888216318077,0.8535788167149359,0.5116815476190476
291,15569.0,15569.0,140.79441207655134,522.3401871576773,0.7170735477040928,162.0,153.0,1.0588235294117647,934.7827734600809,1418.1339841993706,0.5307994205344481,0.9459837161258963,0.6281368514483983
292,7777.0,7777.0,99.50871288186457,352.33304448274095,0.7872546053515815,112.0,97.0,1.1546391752577319,697.1741031245982,1423.6552655265527,0.5044218132632692,0.9538820066233288,0.7158505154639175
293,14000.0,14000.0,133.5116235624909,712.6011178080263,0.34645345858188187,152.0,167.0,1.0986842105263157,2245.5629285714285,1418.0341428571428,0.5295254271190624,0.7924378785305938,0.5515285219035613
294,7692.0,7692.0,98.96342040422245,353.445742854949,0.7737552867933409,110.0,108.0,1.0185185185185186,1235.3231929277172,1448.7321892875716,0.49454069030915304,0.9357664233576642,0.6474747474747474
295,7332.0,7332.0,96.61983410251858,377.62950903902265,0.6461010880559112,115.0,119.0,1.0347826086956522,208.0823786142935,1443.2476813966175,0.7571865269888882,0.9228445563247325,0.5357690902447936
296,14599.0,14599.0,136.33790417044204,531.0437226013956,0.650537615770784,144.0,141.0,1.0212765957446808,1918.5472292622783,1456.5091444619495,0.3070736848072787,0.9445522774327122,0.7190208825847124
297,2862.0,2862.0,60.36564898211594,257.492424049175,0.5424385944544144,71.0,58.0,1.2241379310344827,1317.7459818308876,1472.5587002096436,0.6278343090802848,0.9143769968051119,0.6949975716367168
298,6253.0,6253.0,89.22761272851007,331.84776310850236,0.7135435810578343,116.0,87.0,1.3333333333333333,2215.0139133216057,1503.7156564848872,0.8231886719827742,0.9627405696689761,0.619599682917162
299,7606.0,7606.0,98.4086377166946,425.5290039756343,0.5278467493582709,119.0,126.0,1.0588235294117647,236.31751249013936,1505.032079936892,0.76741039068584,0.857787301229277,0.5072695744964653
300,2999.0,2999.0,61.79357081979284,239.76450198781714,0.6555662099665921,81.0,67.0,1.208955223880597,1416.377459153051,1478.2657552517505,0.7601887437722884,0.884660766961652,0.5526073337018611
301,11201.0,11201.0,119.42175740031026,494.541197284454,0.575521708060179,142.0,133.0,1.0676691729323309,77.21524863851442,1492.1637353807696,0.6128804380966408,0.9074044069993519,0.5930848247379011
302,13895.0,13895.0,133.01001268361372,711.6610383315985,0.3447640987923095,132.0,185.0,1.4015151515151516,823.4383591219863,1475.5985606333213,0.8234381841027419,0.8962203302373581,0.569000819000819
303,13536.0,13536.0,131.28050303657113,498.70057685088807,0.6839438812333376,160.0,118.0,1.3559322033898304,1586.155067966903,1510.3396128841607,0.6598205145270283,0.9353880174141386,0.7169491525423729
304,8103.0,8103.0,101.57292961704424,381.46298679765215,0.6997628673734763,126.0,96.0,1.3125,1804.0034555103048,1488.162162162162,0.7336427766045001,0.9159036961681926,0.669890873015873
305,6624.0,6624.0,91.83647828790974,351.66399692442883,0.6730919120396519,125.0,76.0,1.644736842105263,617.5534420289855,1502.6758756038648,0.8220197558126027,0.937845108310916,0.6972631578947368
306,8435.0,8435.0,103.63288840827076,446.45793616376875,0.5317822733832369,146.0,101.0,1.4455445544554455,1463.6854771784233,1534.147362181387,0.7993251108438437,0.8669064748201439,0.5720195307201953
307,5289.0,5289.0,82.06195191502744,296.71782079359116,0.7549117230853155,100.0,89.0,1.1235955056179776,1040.0673095103043,1518.4944223860844,0.7473605328066916,0.9633879781420766,0.5942696629213483
308,12904.0,12904.0,128.1791054940802,510.78383797157335,0.6215268920968836,147.0,138.0,1.065217391304348,1201.920567265964,1546.3934438933663,0.5184695136427325,0.9274112404772172,0.6361037168490584
309,5028.0,5028.0,80.01155185926841,460.05591591021545,0.2985271904046153,110.0,84.0,1.3095238095238095,731.9970167064439,1547.8410898965792,0.8194449607158555,0.8008920038228735,0.5441558441558442
310,9038.0,9038.0,107.27319798214464,610.3158005400378,0.304910916808773,195.0,85.0,2.2941176470588234,645.4734454525337,1576.6296747067936,0.917111882257621,0.7618646210907865,0.5452790346907994
311,13596.0,13596.0,131.57113988340782,707.6122650963194,0.3412167294900041,196.0,107.0,1.8317757009345794,1796.173654015887,1569.1565901735805,0.8450627858399238,0.8670918367346939,0.6482929620446309
312,14643.0,14643.0,136.5432043477704,584.3401871576773,0.5389002880890115,144.0,142.0,1.0140845070422535,346.00307314074985,1554.7551731202623,0.48277643712399626,0.9144445138325111,0.7161091549295775
313,5442.0,5442.0,83.24043249796793,345.0609665440988,0.5743501416483471,101.0,88.0,1.1477272727272727,1993.284270488791,1540.9437706725469,0.755824413071217,0.8959499506091537,0.6122862286228623
314,2309.0,2309.0,54.220937918791954,231.43860018001263,0.5417042079177277,36.0,91.0,2.5277777777777777,2296.8843655262017,1560.1143352100476,0.9035749591723511,0.9325525040387722,0.7048229548229549
315,6695.0,6695.0,92.32734563498462,355.8650070512055,0.6643391941111312,72.0,124.0,1.7222222222222223,29.936221060492905,1564.8470500373412,0.8108189058553521,0.9680451127819549,0.7498879928315412
316,13347.0,13347.0,130.3607617482355,539.4701294725885,0.5763134018779333,157.0,126.0,1.246031746031746,1345.5738368172624,1557.4248145650708,0.7006133528385552,0.8948709353000335,0.6747042766151047
317,11241.0,11241.0,119.63480146833514,513.8305191657993,0.5350261636650221,156.0,110.0,1.4181818181818182,983.1189395961213,1574.8708299973312,0.6958521479034377,0.8917889726299087,0.6550699300699301
318,9412.0,9412.0,109.47022697997548,398.5340546095176,0.7446649403113536,130.0,102.0,1.2745098039215685,525.5693795155121,1574.8209732256694,0.5502630339816822,0.9535001519602877,0.7098039215686275
319,4596.0,4596.0,76.49711725027818,289.6396103067892,0.688452490038689,55.0,100.0,1.8181818181818181,2081.750217580505,1572.1431679721497,0.8229124561407785,0.9643306756189677,0.8356363636363636
320,6091.0,6091.0,88.06419287645733,340.40916292848976,0.6605352213810038,90.0,97.0,1.0777777777777777,2141.693153833525,1576.85995731407,0.707135626118139,0.9589105793450882,0.697709049255441
321,6136.0,6136.0,88.3889011499462,372.2325394193526,0.5565017632170183,104.0,88.0,1.1818181818181819,1100.7669491525423,1579.2482073011734,0.5135370568894182,0.9124163568773234,0.6704545454545454
322,4574.0,4574.0,76.31381053006483,305.9238815542512,0.6141567966600222,108.0,62.0,1.7419354838709677,2006.6425448185396,1592.4905990380412,0.8710754602424379,0.9034169464744223,0.6830943847072879
323,2186.0,2186.0,52.75700564655907,214.02438661763955,0.599699241464163,53.0,58.0,1.0943396226415094,1609.822506861848,1591.5192131747483,0.704700375691571,0.886815415821501,0.7111255692908263
324,48.0,48.0,7.817640190446719,46.0,0.28505944682856343,1.0,48.0,48.0,1631.0,1592.5,1.0,1.0,1.0
325,1957.0,1957.0,49.91722938071296,203.01219330881975,0.5967005568539725,44.0,61.0,1.3863636363636365,1646.5058763413388,1586.7869187531937,0.8300482018385784,0.8602197802197802,0.7291356184798807
326,2812.0,2812.0,59.836022593378296,218.5685424949238,0.7396902052114337,64.0,56.0,1.1428571428571428,119.82574679943102,1592.916785206259,0.68057330835836,0.9620253164556962,0.7845982142857143
327,56.0,56.0,8.444016491289505,54.0,0.24132947681896902,1.0,56.0,56.0,148.0,1588.5,1.0,1.0,1.0
328,56.0,56.0,8.444016491289505,54.0,0.24132947681896902,1.0,56.0,56.0,149.0,1588.5,1.0,1.0,1.0
329,56.0,56.0,8.444016491289505,54.0,0.24132947681896902,1.0,56.0,56.0,150.0,1588.5,1.0,1.0,1.0
330,56.0,56.0,8.444016491289505,54.0,0.24132947681896902,1.0,56.0,56.0,151.0,1588.5,1.0,1.0,1.0
331,57.0,57.0,8.51907589177983,55.0,0.23678780992346207,1.0,57.0,57.0,152.0,1588.0,1.0,1.0,1.0
332,58.0,58.0,8.593479713983122,56.0,0.23241374222985714,1.0,58.0,58.0,153.0,1587.5,1.0,1.0,1.0
333,58.0,58.0,8.593479713983122,56.0,0.23241374222985714,1.0,58.0,58.0,154.0,1587.5,1.0,1.0,1.0
334,57.0,57.0,8.51907589177983,55.0,0.23678780992346207,1.0,57.0,57.0,155.0,1588.0,1.0,1.0,1.0
335,4915.0,4915.0,79.1073470821347,402.5340546095176,0.38117826640340335,123.0,58.0,2.1206896551724137,212.30640895218718,1593.498067141404,0.9330714064639659,0.8161740285619395,0.6889543033361368
336,3565.0,3565.0,67.37283560145627,314.8355697996826,0.4519618867827723,64.0,92.0,1.4375,1687.880504908836,1580.574193548387,0.8544247487746225,0.8619439071566731,0.60546875
